-- JM Partners — Données de démo (beta 8 juin 2026)
-- 3 comptables, 15 clients, documents manquants simulés, journaux vides

BEGIN;

-- ─── Utilisateurs (comptables) ───────────────────────────────────────────────
INSERT INTO utilisateurs (id, nom, email, role, telegram_chat_id) VALUES
    ('11111111-0000-0000-0000-000000000001', 'Marie Lecomte',   'marie@jmpartners.fr',   'admin',     '5505521057'),
    ('11111111-0000-0000-0000-000000000002', 'Paul Renard',     'paul@jmpartners.fr',    'comptable', NULL),
    ('11111111-0000-0000-0000-000000000003', 'Sophie Morel',    'sophie@jmpartners.fr',  'comptable', NULL);

-- ─── Contacts (clients) ───────────────────────────────────────────────────────
-- Cabinet 1 : Marie Lecomte (5 clients)
INSERT INTO contacts (id, nom, email, telephone, siren, forme_juridique, responsable_id) VALUES
    ('22222222-0000-0000-0000-000000000001', 'Le Bistrot du Port',    'contact@bistrotduport.fr',    '0612345601', '123456001', 'SARL',  '11111111-0000-0000-0000-000000000001'),
    ('22222222-0000-0000-0000-000000000002', 'Boulangerie Martin',    'martin.boulangerie@gmail.com','0612345602', '123456002', 'EURL',  '11111111-0000-0000-0000-000000000001'),
    ('22222222-0000-0000-0000-000000000003', 'SAS Tech Innov',        'compta@techinnov.io',         '0612345603', '123456003', 'SAS',   '11111111-0000-0000-0000-000000000001'),
    ('22222222-0000-0000-0000-000000000004', 'Cabinet Dentaire Dupré','secretariat@dupredentaire.fr','0612345604', '123456004', 'SELAS', '11111111-0000-0000-0000-000000000001'),
    ('22222222-0000-0000-0000-000000000005', 'Transport Lebrun',      'gestion@transportlebrun.fr',  '0612345605', '123456005', 'SARL',  '11111111-0000-0000-0000-000000000001');

-- Cabinet 2 : Paul Renard (5 clients)
INSERT INTO contacts (id, nom, email, telephone, siren, forme_juridique, responsable_id) VALUES
    ('22222222-0000-0000-0000-000000000006', 'Pharmacie des Lilas',   'compta@pharmacielilas.fr',    '0612345606', '123456006', 'SELARL','11111111-0000-0000-0000-000000000002'),
    ('22222222-0000-0000-0000-000000000007', 'Menuiserie Fontaine',   'fontaine.menuiserie@orange.fr','0612345607', '123456007', 'EURL',  '11111111-0000-0000-0000-000000000002'),
    ('22222222-0000-0000-0000-000000000008', 'Auto École Rivet',      'rivet.autoecole@gmail.com',   '0612345608', '123456008', 'SARL',  '11111111-0000-0000-0000-000000000002'),
    ('22222222-0000-0000-0000-000000000009', 'Immobilier Côte Sud',   'contact@cotesud-immo.fr',     '0612345609', '123456009', 'SAS',   '11111111-0000-0000-0000-000000000002'),
    ('22222222-0000-0000-0000-000000000010', 'Électricité Perrin',    'perrin.elec@wanadoo.fr',      '0612345610', '123456010', 'EURL',  '11111111-0000-0000-0000-000000000002');

-- Cabinet 3 : Sophie Morel (5 clients)
INSERT INTO contacts (id, nom, email, telephone, siren, forme_juridique, responsable_id) VALUES
    ('22222222-0000-0000-0000-000000000011', 'Studio Graphique Nova', 'nova.studio@gmail.com',       '0612345611', '123456011', 'SAS',   '11111111-0000-0000-0000-000000000003'),
    ('22222222-0000-0000-0000-000000000012', 'Clinique Vétérinaire',  'compta@vetclinique.fr',       '0612345612', '123456012', 'SELARL','11111111-0000-0000-0000-000000000003'),
    ('22222222-0000-0000-0000-000000000013', 'Pâtisserie Durand',     'durand.patisserie@sfr.fr',    '0612345613', '123456013', 'EURL',  '11111111-0000-0000-0000-000000000003'),
    ('22222222-0000-0000-0000-000000000014', 'Agence Événements Plus','events@eventsplus.fr',        '0612345614', '123456014', 'SASU',  '11111111-0000-0000-0000-000000000003'),
    ('22222222-0000-0000-0000-000000000015', 'Coiffure Tendance',     'tendance.coiffure@gmail.com', '0612345615', '123456015', 'EURL',  '11111111-0000-0000-0000-000000000003');

-- ─── Dossiers ─────────────────────────────────────────────────────────────────
INSERT INTO dossiers (id, contact_id, type, exercice, statut, responsable_id, deadline) VALUES
    ('33333333-0000-0000-0000-000000000001', '22222222-0000-0000-0000-000000000001', 'bilan', '2025', 'en_cours', '11111111-0000-0000-0000-000000000001', '2026-06-30'),
    ('33333333-0000-0000-0000-000000000002', '22222222-0000-0000-0000-000000000002', 'tva',   '2026', 'en_cours', '11111111-0000-0000-0000-000000000001', '2026-06-15'),
    ('33333333-0000-0000-0000-000000000003', '22222222-0000-0000-0000-000000000003', 'is',    '2025', 'en_cours', '11111111-0000-0000-0000-000000000001', '2026-06-20'),
    ('33333333-0000-0000-0000-000000000004', '22222222-0000-0000-0000-000000000004', 'bilan', '2025', 'en_cours', '11111111-0000-0000-0000-000000000001', '2026-07-01'),
    ('33333333-0000-0000-0000-000000000005', '22222222-0000-0000-0000-000000000005', 'tva',   '2026', 'en_cours', '11111111-0000-0000-0000-000000000001', '2026-06-15'),
    ('33333333-0000-0000-0000-000000000006', '22222222-0000-0000-0000-000000000006', 'bilan', '2025', 'en_cours', '11111111-0000-0000-0000-000000000002', '2026-06-30'),
    ('33333333-0000-0000-0000-000000000007', '22222222-0000-0000-0000-000000000007', 'tva',   '2026', 'en_cours', '11111111-0000-0000-0000-000000000002', '2026-06-15'),
    ('33333333-0000-0000-0000-000000000008', '22222222-0000-0000-0000-000000000008', 'is',    '2025', 'en_cours', '11111111-0000-0000-0000-000000000002', '2026-06-20'),
    ('33333333-0000-0000-0000-000000000009', '22222222-0000-0000-0000-000000000009', 'bilan', '2025', 'en_cours', '11111111-0000-0000-0000-000000000002', '2026-07-01'),
    ('33333333-0000-0000-0000-000000000010', '22222222-0000-0000-0000-000000000010', 'tva',   '2026', 'en_cours', '11111111-0000-0000-0000-000000000002', '2026-06-15'),
    ('33333333-0000-0000-0000-000000000011', '22222222-0000-0000-0000-000000000011', 'is',    '2025', 'en_cours', '11111111-0000-0000-0000-000000000003', '2026-06-20'),
    ('33333333-0000-0000-0000-000000000012', '22222222-0000-0000-0000-000000000012', 'bilan', '2025', 'en_cours', '11111111-0000-0000-0000-000000000003', '2026-06-30'),
    ('33333333-0000-0000-0000-000000000013', '22222222-0000-0000-0000-000000000013', 'tva',   '2026', 'en_cours', '11111111-0000-0000-0000-000000000003', '2026-06-15'),
    ('33333333-0000-0000-0000-000000000014', '22222222-0000-0000-0000-000000000014', 'bilan', '2025', 'en_cours', '11111111-0000-0000-0000-000000000003', '2026-07-01'),
    ('33333333-0000-0000-0000-000000000015', '22222222-0000-0000-0000-000000000015', 'tva',   '2026', 'en_cours', '11111111-0000-0000-0000-000000000003', '2026-06-15');

-- ─── Documents manquants simulés ─────────────────────────────────────────────
-- Dossier bilan Le Bistrot du Port : grand_livre et relevés manquants
INSERT INTO documents (dossier_id, nom, type_document, statut, deadline, urgence) VALUES
    ('33333333-0000-0000-0000-000000000001', 'Grand livre 2025',        'grand_livre',       'manquant', '2026-06-10', 'J-3'),
    ('33333333-0000-0000-0000-000000000001', 'Balance générale 2025',   'balance',           'recu',     '2026-06-10', NULL),
    ('33333333-0000-0000-0000-000000000001', 'Factures achats déc.',    'factures_achats',   'recu',     '2026-06-10', NULL),
    ('33333333-0000-0000-0000-000000000001', 'Factures ventes déc.',    'factures_ventes',   'recu',     '2026-06-10', NULL),
    ('33333333-0000-0000-0000-000000000001', 'Relevés bancaires déc.',  'releves_bancaires', 'manquant', '2026-06-10', 'J-3');

-- Dossier TVA Boulangerie Martin : CA mensuel manquant
INSERT INTO documents (dossier_id, nom, type_document, statut, deadline, urgence) VALUES
    ('33333333-0000-0000-0000-000000000002', 'CA mensuel mai 2026',     'ca_mensuel',        'manquant', '2026-06-15', 'J-7'),
    ('33333333-0000-0000-0000-000000000002', 'Factures TVA mai 2026',   'factures_tva',      'recu',     '2026-06-15', NULL),
    ('33333333-0000-0000-0000-000000000002', 'Relevés bancaires mai',   'releves_bancaires', 'recu',     '2026-06-15', NULL);

-- Dossier IS SAS Tech Innov : liasse fiscale et bilan n-1 manquants
INSERT INTO documents (dossier_id, nom, type_document, statut, deadline, urgence) VALUES
    ('33333333-0000-0000-0000-000000000003', 'Résultat comptable 2025', 'resultat_comptable','recu',     '2026-06-20', NULL),
    ('33333333-0000-0000-0000-000000000003', 'Liasse fiscale 2025',     'liasse_fiscale',    'manquant', '2026-06-20', 'J-7'),
    ('33333333-0000-0000-0000-000000000003', 'Bilan N-1 (2024)',        'bilan_n_1',         'manquant', '2026-06-20', 'J-7');

-- Dossier TVA Menuiserie Fontaine : tous manquants (urgence J-3)
INSERT INTO documents (dossier_id, nom, type_document, statut, deadline, urgence) VALUES
    ('33333333-0000-0000-0000-000000000007', 'CA mensuel mai 2026',     'ca_mensuel',        'manquant', '2026-06-12', 'J-3'),
    ('33333333-0000-0000-0000-000000000007', 'Factures TVA mai 2026',   'factures_tva',      'manquant', '2026-06-12', 'J-3'),
    ('33333333-0000-0000-0000-000000000007', 'Relevés bancaires mai',   'releves_bancaires', 'manquant', '2026-06-12', 'J-3');

-- Dossier bilan Clinique Vétérinaire : balance et factures manquantes
INSERT INTO documents (dossier_id, nom, type_document, statut, deadline, urgence) VALUES
    ('33333333-0000-0000-0000-000000000012', 'Grand livre 2025',        'grand_livre',       'recu',     '2026-06-30', NULL),
    ('33333333-0000-0000-0000-000000000012', 'Balance générale 2025',   'balance',           'manquant', '2026-06-15', 'J-7'),
    ('33333333-0000-0000-0000-000000000012', 'Factures achats déc.',    'factures_achats',   'manquant', '2026-06-15', 'J-7'),
    ('33333333-0000-0000-0000-000000000012', 'Factures ventes déc.',    'factures_ventes',   'recu',     '2026-06-30', NULL),
    ('33333333-0000-0000-0000-000000000012', 'Relevés bancaires déc.',  'releves_bancaires', 'recu',     '2026-06-30', NULL);

-- ─── Déclarations TVA à venir ─────────────────────────────────────────────────
INSERT INTO declarations_tva (id, dossier_id, contact_id, periode, deadline, statut) VALUES
    ('44444444-0000-0000-0000-000000000001', '33333333-0000-0000-0000-000000000002', '22222222-0000-0000-0000-000000000002', 'mai-2026',  '2026-06-15', 'pieces_manquantes'),
    ('44444444-0000-0000-0000-000000000002', '33333333-0000-0000-0000-000000000005', '22222222-0000-0000-0000-000000000005', 'mai-2026',  '2026-06-15', 'a_preparer'),
    ('44444444-0000-0000-0000-000000000003', '33333333-0000-0000-0000-000000000007', '22222222-0000-0000-0000-000000000007', 'mai-2026',  '2026-06-12', 'pieces_manquantes'),
    ('44444444-0000-0000-0000-000000000004', '33333333-0000-0000-0000-000000000010', '22222222-0000-0000-0000-000000000010', 'mai-2026',  '2026-06-15', 'a_preparer'),
    ('44444444-0000-0000-0000-000000000005', '33333333-0000-0000-0000-000000000013', '22222222-0000-0000-0000-000000000013', 'mai-2026',  '2026-06-15', 'a_preparer'),
    ('44444444-0000-0000-0000-000000000006', '33333333-0000-0000-0000-000000000015', '22222222-0000-0000-0000-000000000015', 'mai-2026',  '2026-06-15', 'a_preparer');

-- ─── Acomptes IS à venir ─────────────────────────────────────────────────────
INSERT INTO acomptes_is (id, dossier_id, contact_id, numero_acompte, exercice, deadline, montant, statut) VALUES
    ('55555555-0000-0000-0000-000000000001', '33333333-0000-0000-0000-000000000003', '22222222-0000-0000-0000-000000000003', 2, '2026', '2026-06-15', 3500.00, 'a_payer'),
    ('55555555-0000-0000-0000-000000000002', '33333333-0000-0000-0000-000000000008', '22222222-0000-0000-0000-000000000008', 2, '2026', '2026-06-15', 1200.00, 'a_payer'),
    ('55555555-0000-0000-0000-000000000003', '33333333-0000-0000-0000-000000000011', '22222222-0000-0000-0000-000000000011', 2, '2026', '2026-06-20', 8700.00, 'a_payer');

-- Journaux vides — prêts pour le premier run
-- (aucun INSERT, la table est vide intentionnellement)

COMMIT;
